hs6,hs_section_name
010119,Live animals
010600,Live animals
020329,Live animals
020442,Live animals
020443,Live animals
020610,Live animals
030110,Live animals
030192,Live animals
030199,Live animals
030223,Live animals
030229,Live animals
030232,Live animals
030239,Live animals
030250,Live animals
030269,Live animals
030339,Live animals
030342,Live animals
030343,Live animals
030349,Live animals
030371,Live animals
030374,Live animals
030379,Live animals
030410,Live animals
030420,Live animals
030490,Live animals
030510,Live animals
030530,Live animals
030541,Live animals
030549,Live animals
030551,Live animals
030559,Live animals
030611,Live animals
030613,Live animals
030614,Live animals
030619,Live animals
030710,Live animals
030721,Live animals
030729,Live animals
030731,Live animals
030739,Live animals
030749,Live animals
030751,Live animals
030759,Live animals
030760,Live animals
030791,Live animals
030799,Live animals
040390,Live animals
040500,Live animals
040700,Live animals
040900,Live animals
041000,Live animals
050400,Live animals
050690,Live animals
050790,Live animals
050800,Live animals
051000,Live animals
051191,Live animals
051199,Live animals
060110,Vegetable products
060210,Vegetable products
060220,Vegetable products
060299,Vegetable products
060310,Vegetable products
060390,Vegetable products
060491,Vegetable products
060499,Vegetable products
070310,Vegetable products
070320,Vegetable products
070390,Vegetable products
070410,Vegetable products
070490,Vegetable products
070511,Vegetable products
070610,Vegetable products
070690,Vegetable products
070700,Vegetable products
070810,Vegetable products
070820,Vegetable products
070890,Vegetable products
070940,Vegetable products
070951,Vegetable products
070960,Vegetable products
070990,Vegetable products
071010,Vegetable products
071021,Vegetable products
071022,Vegetable products
071029,Vegetable products
071030,Vegetable products
071040,Vegetable products
071080,Vegetable products
071090,Vegetable products
071140,Vegetable products
071190,Vegetable products
071220,Vegetable products
071230,Vegetable products
071290,Vegetable products
071310,Vegetable products
071320,Vegetable products
071331,Vegetable products
071333,Vegetable products
071339,Vegetable products
071340,Vegetable products
071350,Vegetable products
071390,Vegetable products
071410,Vegetable products
071420,Vegetable products
071490,Vegetable products
080110,Vegetable products
080130,Vegetable products
080212,Vegetable products
080232,Vegetable products
080250,Vegetable products
080290,Vegetable products
080300,Vegetable products
080410,Vegetable products
080420,Vegetable products
080430,Vegetable products
080450,Vegetable products
080510,Vegetable products
080520,Vegetable products
080590,Vegetable products
080620,Vegetable products
080810,Vegetable products
080930,Vegetable products
081010,Vegetable products
081020,Vegetable products
081040,Vegetable products
081090,Vegetable products
081110,Vegetable products
081120,Vegetable products
081190,Vegetable products
081290,Vegetable products
081320,Vegetable products
081330,Vegetable products
081340,Vegetable products
081350,Vegetable products
081400,Vegetable products
090111,Vegetable products
090112,Vegetable products
090121,Vegetable products
090122,Vegetable products
090210,Vegetable products
090230,Vegetable products
090240,Vegetable products
090411,Vegetable products
090412,Vegetable products
090420,Vegetable products
090500,Vegetable products
090610,Vegetable products
090620,Vegetable products
090920,Vegetable products
090930,Vegetable products
091010,Vegetable products
091020,Vegetable products
091099,Vegetable products
100110,Vegetable products
100190,Vegetable products
100300,Vegetable products
100400,Vegetable products
100510,Vegetable products
100590,Vegetable products
100620,Vegetable products
100630,Vegetable products
100700,Vegetable products
100830,Vegetable products
100890,Vegetable products
110100,Vegetable products
110220,Vegetable products
110290,Vegetable products
110311,Vegetable products
110313,Vegetable products
110321,Vegetable products
110422,Vegetable products
110423,Vegetable products
110429,Vegetable products
110430,Vegetable products
110520,Vegetable products
110610,Vegetable products
110620,Vegetable products
110630,Vegetable products
110812,Vegetable products
110820,Vegetable products
120100,Vegetable products
120220,Vegetable products
120400,Vegetable products
120600,Vegetable products
120720,Vegetable products
120740,Vegetable products
120750,Vegetable products
120760,Vegetable products
120799,Vegetable products
120810,Vegetable products
120890,Vegetable products
120921,Vegetable products
120929,Vegetable products
120930,Vegetable products
120991,Vegetable products
120999,Vegetable products
121190,Vegetable products
121299,Vegetable products
121300,Vegetable products
121410,Vegetable products
121490,Vegetable products
130120,Vegetable products
130190,Vegetable products
130212,Vegetable products
130219,Vegetable products
130220,Vegetable products
130231,Vegetable products
130232,Vegetable products
130239,Vegetable products
140110,Vegetable products
140190,Vegetable products
140490,Vegetable products
150420,Fats and oils
150590,Fats and oils
150790,Fats and oils
150890,Fats and oils
150910,Fats and oils
150990,Fats and oils
151000,Fats and oils
151190,Fats and oils
151211,Fats and oils
151219,Fats and oils
151311,Fats and oils
151319,Fats and oils
151490,Fats and oils
151521,Fats and oils
151529,Fats and oils
151530,Fats and oils
151550,Fats and oils
151590,Fats and oils
151610,Fats and oils
151620,Fats and oils
151790,Fats and oils
151800,Fats and oils
151913,Fats and oils
151919,Fats and oils
151930,Fats and oils
152010,Fats and oils
152090,Fats and oils
152110,Fats and oils
152190,Fats and oils
152200,Fats and oils
160100,Beverages and tobacco
160239,Beverages and tobacco
160250,Beverages and tobacco
160300,Beverages and tobacco
160411,Beverages and tobacco
160413,Beverages and tobacco
160414,Beverages and tobacco
160419,Beverages and tobacco
160420,Beverages and tobacco
160510,Beverages and tobacco
160520,Beverages and tobacco
160590,Beverages and tobacco
170111,Beverages and tobacco
170112,Beverages and tobacco
170191,Beverages and tobacco
170199,Beverages and tobacco
170230,Beverages and tobacco
170240,Beverages and tobacco
170260,Beverages and tobacco
170290,Beverages and tobacco
170410,Beverages and tobacco
170490,Beverages and tobacco
180100,Beverages and tobacco
180310,Beverages and tobacco
180400,Beverages and tobacco
180500,Beverages and tobacco
180610,Beverages and tobacco
180620,Beverages and tobacco
180631,Beverages and tobacco
180632,Beverages and tobacco
180690,Beverages and tobacco
190120,Beverages and tobacco
190190,Beverages and tobacco
190211,Beverages and tobacco
190219,Beverages and tobacco
190220,Beverages and tobacco
190230,Beverages and tobacco
190410,Beverages and tobacco
190490,Beverages and tobacco
190520,Beverages and tobacco
190530,Beverages and tobacco
190540,Beverages and tobacco
190590,Beverages and tobacco
200110,Beverages and tobacco
200190,Beverages and tobacco
200210,Beverages and tobacco
200290,Beverages and tobacco
200310,Beverages and tobacco
200410,Beverages and tobacco
200490,Beverages and tobacco
200520,Beverages and tobacco
200540,Beverages and tobacco
200551,Beverages and tobacco
200559,Beverages and tobacco
200570,Beverages and tobacco
200580,Beverages and tobacco
200590,Beverages and tobacco
200600,Beverages and tobacco
200710,Beverages and tobacco
200791,Beverages and tobacco
200799,Beverages and tobacco
200811,Beverages and tobacco
200819,Beverages and tobacco
200820,Beverages and tobacco
200830,Beverages and tobacco
200840,Beverages and tobacco
200850,Beverages and tobacco
200860,Beverages and tobacco
200870,Beverages and tobacco
200880,Beverages and tobacco
200892,Beverages and tobacco
200899,Beverages and tobacco
200911,Beverages and tobacco
200920,Beverages and tobacco
200930,Beverages and tobacco
200940,Beverages and tobacco
200950,Beverages and tobacco
200960,Beverages and tobacco
200970,Beverages and tobacco
200980,Beverages and tobacco
200990,Beverages and tobacco
210110,Beverages and tobacco
210120,Beverages and tobacco
210210,Beverages and tobacco
210220,Beverages and tobacco
210230,Beverages and tobacco
210320,Beverages and tobacco
210390,Beverages and tobacco
210410,Beverages and tobacco
210420,Beverages and tobacco
210500,Beverages and tobacco
210610,Beverages and tobacco
210690,Beverages and tobacco
220110,Beverages and tobacco
220190,Beverages and tobacco
220210,Beverages and tobacco
220290,Beverages and tobacco
220300,Beverages and tobacco
220410,Beverages and tobacco
220421,Beverages and tobacco
220600,Beverages and tobacco
220710,Beverages and tobacco
220820,Beverages and tobacco
220830,Beverages and tobacco
220840,Beverages and tobacco
220850,Beverages and tobacco
220890,Beverages and tobacco
220900,Beverages and tobacco
230120,Beverages and tobacco
230210,Beverages and tobacco
230230,Beverages and tobacco
230250,Beverages and tobacco
230310,Beverages and tobacco
230690,Beverages and tobacco
230890,Beverages and tobacco
230910,Beverages and tobacco
230990,Beverages and tobacco
240110,Beverages and tobacco
240120,Beverages and tobacco
240210,Beverages and tobacco
240220,Beverages and tobacco
240310,Beverages and tobacco
240391,Beverages and tobacco
240399,Beverages and tobacco
250100,Mineral products
250310,Mineral products
250410,Mineral products
250490,Mineral products
250510,Mineral products
250590,Mineral products
250610,Mineral products
250700,Mineral products
250810,Mineral products
250830,Mineral products
250840,Mineral products
250860,Mineral products
251110,Mineral products
251200,Mineral products
251311,Mineral products
251329,Mineral products
251511,Mineral products
251512,Mineral products
251520,Mineral products
251611,Mineral products
251612,Mineral products
251622,Mineral products
251690,Mineral products
251710,Mineral products
251741,Mineral products
251749,Mineral products
251990,Mineral products
252010,Mineral products
252020,Mineral products
252210,Mineral products
252220,Mineral products
252230,Mineral products
252321,Mineral products
252329,Mineral products
252330,Mineral products
252390,Mineral products
252610,Mineral products
252620,Mineral products
252910,Mineral products
252921,Mineral products
252922,Mineral products
253010,Mineral products
253090,Mineral products
260200,Mineral products
260300,Mineral products
260800,Mineral products
261310,Mineral products
261390,Mineral products
261400,Mineral products
261510,Mineral products
261590,Mineral products
261710,Mineral products
261800,Mineral products
261900,Mineral products
262019,Mineral products
262030,Mineral products
262040,Mineral products
262090,Mineral products
262100,Mineral products
270111,Mineral products
270120,Mineral products
270220,Mineral products
270400,Mineral products
270600,Mineral products
270750,Mineral products
270799,Mineral products
270810,Mineral products
270900,Mineral products
271000,Mineral products
271112,Mineral products
271210,Mineral products
271220,Mineral products
271290,Mineral products
271312,Mineral products
271320,Mineral products
271490,Mineral products
271500,Mineral products
280110,Chemicals
280300,Chemicals
280421,Chemicals
280429,Chemicals
280440,Chemicals
280461,Chemicals
280490,Chemicals
280519,Chemicals
280610,Chemicals
280700,Chemicals
280800,Chemicals
280920,Chemicals
281000,Chemicals
281111,Chemicals
281119,Chemicals
281121,Chemicals
281122,Chemicals
281129,Chemicals
281410,Chemicals
281511,Chemicals
281512,Chemicals
281520,Chemicals
281610,Chemicals
281700,Chemicals
281810,Chemicals
281820,Chemicals
281830,Chemicals
281910,Chemicals
282010,Chemicals
282090,Chemicals
282110,Chemicals
282120,Chemicals
282300,Chemicals
282410,Chemicals
282490,Chemicals
282550,Chemicals
282570,Chemicals
282580,Chemicals
282590,Chemicals
282612,Chemicals
282619,Chemicals
282690,Chemicals
282710,Chemicals
282720,Chemicals
282731,Chemicals
282732,Chemicals
282739,Chemicals
282741,Chemicals
282749,Chemicals
282759,Chemicals
282890,Chemicals
282990,Chemicals
283010,Chemicals
283090,Chemicals
283110,Chemicals
283230,Chemicals
283311,Chemicals
283321,Chemicals
283322,Chemicals
283324,Chemicals
283325,Chemicals
283327,Chemicals
283329,Chemicals
283330,Chemicals
283340,Chemicals
283421,Chemicals
283429,Chemicals
283510,Chemicals
283522,Chemicals
283524,Chemicals
283525,Chemicals
283526,Chemicals
283529,Chemicals
283531,Chemicals
283539,Chemicals
283620,Chemicals
283630,Chemicals
283640,Chemicals
283650,Chemicals
283692,Chemicals
283699,Chemicals
283919,Chemicals
283990,Chemicals
284020,Chemicals
284170,Chemicals
284180,Chemicals
284190,Chemicals
284210,Chemicals
284290,Chemicals
284329,Chemicals
284390,Chemicals
284440,Chemicals
284700,Chemicals
284920,Chemicals
284990,Chemicals
285000,Chemicals
285100,Chemicals
290110,Chemicals
290124,Chemicals
290129,Chemicals
290219,Chemicals
290220,Chemicals
290244,Chemicals
290250,Chemicals
290323,Chemicals
290330,Chemicals
290340,Chemicals
290361,Chemicals
290369,Chemicals
290410,Chemicals
290512,Chemicals
290514,Chemicals
290517,Chemicals
290519,Chemicals
290522,Chemicals
290529,Chemicals
290531,Chemicals
290532,Chemicals
290539,Chemicals
290544,Chemicals
290619,Chemicals
290629,Chemicals
290713,Chemicals
290719,Chemicals
290729,Chemicals
290810,Chemicals
290890,Chemicals
290911,Chemicals
290919,Chemicals
290930,Chemicals
290941,Chemicals
290943,Chemicals
290944,Chemicals
290949,Chemicals
290950,Chemicals
290960,Chemicals
291100,Chemicals
291219,Chemicals
291221,Chemicals
291229,Chemicals
291241,Chemicals
291411,Chemicals
291413,Chemicals
291419,Chemicals
291422,Chemicals
291423,Chemicals
291429,Chemicals
291430,Chemicals
291449,Chemicals
291450,Chemicals
291469,Chemicals
291470,Chemicals
291512,Chemicals
291513,Chemicals
291521,Chemicals
291524,Chemicals
291529,Chemicals
291531,Chemicals
291539,Chemicals
291550,Chemicals
291560,Chemicals
291570,Chemicals
291590,Chemicals
291611,Chemicals
291612,Chemicals
291613,Chemicals
291614,Chemicals
291619,Chemicals
291620,Chemicals
291631,Chemicals
291632,Chemicals
291639,Chemicals
291711,Chemicals
291712,Chemicals
291719,Chemicals
291732,Chemicals
291733,Chemicals
291734,Chemicals
291735,Chemicals
291736,Chemicals
291739,Chemicals
291811,Chemicals
291812,Chemicals
291814,Chemicals
291815,Chemicals
291816,Chemicals
291821,Chemicals
291823,Chemicals
291829,Chemicals
291830,Chemicals
291890,Chemicals
291900,Chemicals
292010,Chemicals
292090,Chemicals
292111,Chemicals
292119,Chemicals
292129,Chemicals
292130,Chemicals
292144,Chemicals
292145,Chemicals
292149,Chemicals
292159,Chemicals
292211,Chemicals
292219,Chemicals
292249,Chemicals
292310,Chemicals
292390,Chemicals
292410,Chemicals
292421,Chemicals
292429,Chemicals
292520,Chemicals
292610,Chemicals
292620,Chemicals
292690,Chemicals
292700,Chemicals
292800,Chemicals
292910,Chemicals
293020,Chemicals
293030,Chemicals
293090,Chemicals
293100,Chemicals
293219,Chemicals
293229,Chemicals
293290,Chemicals
293319,Chemicals
293329,Chemicals
293339,Chemicals
293340,Chemicals
293359,Chemicals
293369,Chemicals
293371,Chemicals
293379,Chemicals
293390,Chemicals
293410,Chemicals
293420,Chemicals
293490,Chemicals
293500,Chemicals
293690,Chemicals
293722,Chemicals
293729,Chemicals
293792,Chemicals
293799,Chemicals
293890,Chemicals
293930,Chemicals
294000,Chemicals
294110,Chemicals
294190,Chemicals
300190,Chemicals
300239,Chemicals
300290,Chemicals
300390,Chemicals
300420,Chemicals
300432,Chemicals
300439,Chemicals
300450,Chemicals
300490,Chemicals
300510,Chemicals
300590,Chemicals
300610,Chemicals
300640,Chemicals
300650,Chemicals
310100,Chemicals
310210,Chemicals
310221,Chemicals
310229,Chemicals
310230,Chemicals
310250,Chemicals
310260,Chemicals
310280,Chemicals
310290,Chemicals
310310,Chemicals
310420,Chemicals
310430,Chemicals
310490,Chemicals
310510,Chemicals
310520,Chemicals
310530,Chemicals
310540,Chemicals
310559,Chemicals
310560,Chemicals
310590,Chemicals
320190,Chemicals
320210,Chemicals
320290,Chemicals
320300,Chemicals
320411,Chemicals
320412,Chemicals
320413,Chemicals
320414,Chemicals
320415,Chemicals
320416,Chemicals
320417,Chemicals
320419,Chemicals
320420,Chemicals
320490,Chemicals
320500,Chemicals
320610,Chemicals
320620,Chemicals
320641,Chemicals
320649,Chemicals
320710,Chemicals
320720,Chemicals
320730,Chemicals
320740,Chemicals
320810,Chemicals
320820,Chemicals
320890,Chemicals
320910,Chemicals
320990,Chemicals
321000,Chemicals
321100,Chemicals
321210,Chemicals
321290,Chemicals
321310,Chemicals
321390,Chemicals
321410,Chemicals
321490,Chemicals
321511,Chemicals
321519,Chemicals
321590,Chemicals
330112,Chemicals
330113,Chemicals
330119,Chemicals
330124,Chemicals
330125,Chemicals
330129,Chemicals
330130,Chemicals
330190,Chemicals
330210,Chemicals
330290,Chemicals
330300,Chemicals
330410,Chemicals
330420,Chemicals
330430,Chemicals
330491,Chemicals
330499,Chemicals
330510,Chemicals
330520,Chemicals
330530,Chemicals
330590,Chemicals
330610,Chemicals
330690,Chemicals
330710,Chemicals
330720,Chemicals
330730,Chemicals
330741,Chemicals
330749,Chemicals
330790,Chemicals
340111,Chemicals
340119,Chemicals
340120,Chemicals
340211,Chemicals
340212,Chemicals
340213,Chemicals
340219,Chemicals
340220,Chemicals
340290,Chemicals
340311,Chemicals
340319,Chemicals
340391,Chemicals
340399,Chemicals
340420,Chemicals
340490,Chemicals
340510,Chemicals
340520,Chemicals
340530,Chemicals
340540,Chemicals
340590,Chemicals
340600,Chemicals
340700,Chemicals
350110,Chemicals
350290,Chemicals
350300,Chemicals
350400,Chemicals
350510,Chemicals
350610,Chemicals
350691,Chemicals
350699,Chemicals
350710,Chemicals
350790,Chemicals
360200,Chemicals
360300,Chemicals
360410,Chemicals
360490,Chemicals
360500,Chemicals
360690,Chemicals
370110,Chemicals
370130,Chemicals
370199,Chemicals
370239,Chemicals
370242,Chemicals
370244,Chemicals
370320,Chemicals
370400,Chemicals
370590,Chemicals
370610,Chemicals
370790,Chemicals
380110,Chemicals
380120,Chemicals
380190,Chemicals
380210,Chemicals
380290,Chemicals
380400,Chemicals
380510,Chemicals
380590,Chemicals
380610,Chemicals
380620,Chemicals
380630,Chemicals
380690,Chemicals
380810,Chemicals
380820,Chemicals
380830,Chemicals
380840,Chemicals
380890,Chemicals
380910,Chemicals
380991,Chemicals
380992,Chemicals
380993,Chemicals
381010,Chemicals
381090,Chemicals
381119,Chemicals
381121,Chemicals
381129,Chemicals
381190,Chemicals
381210,Chemicals
381220,Chemicals
381230,Chemicals
381300,Chemicals
381400,Chemicals
381512,Chemicals
381519,Chemicals
381590,Chemicals
381600,Chemicals
381710,Chemicals
381800,Chemicals
381900,Chemicals
382000,Chemicals
382100,Chemicals
382200,Chemicals
382310,Chemicals
382330,Chemicals
382340,Chemicals
382350,Chemicals
382390,Chemicals
390110,Plastics
390120,Plastics
390130,Plastics
390190,Plastics
390210,Plastics
390220,Plastics
390230,Plastics
390290,Plastics
390311,Plastics
390319,Plastics
390320,Plastics
390330,Plastics
390390,Plastics
390410,Plastics
390421,Plastics
390422,Plastics
390430,Plastics
390440,Plastics
390461,Plastics
390469,Plastics
390490,Plastics
390511,Plastics
390519,Plastics
390520,Plastics
390590,Plastics
390610,Plastics
390690,Plastics
390710,Plastics
390720,Plastics
390730,Plastics
390740,Plastics
390750,Plastics
390760,Plastics
390791,Plastics
390799,Plastics
390810,Plastics
390890,Plastics
390910,Plastics
390920,Plastics
390930,Plastics
390940,Plastics
390950,Plastics
391000,Plastics
391110,Plastics
391190,Plastics
391212,Plastics
391231,Plastics
391239,Plastics
391290,Plastics
391310,Plastics
391390,Plastics
391400,Plastics
391510,Plastics
391520,Plastics
391530,Plastics
391590,Plastics
391610,Plastics
391620,Plastics
391690,Plastics
391710,Plastics
391721,Plastics
391722,Plastics
391723,Plastics
391729,Plastics
391731,Plastics
391732,Plastics
391733,Plastics
391739,Plastics
391740,Plastics
391810,Plastics
391890,Plastics
391910,Plastics
391990,Plastics
392010,Plastics
392020,Plastics
392030,Plastics
392042,Plastics
392051,Plastics
392059,Plastics
392061,Plastics
392062,Plastics
392063,Plastics
392069,Plastics
392071,Plastics
392073,Plastics
392079,Plastics
392091,Plastics
392092,Plastics
392093,Plastics
392094,Plastics
392099,Plastics
392111,Plastics
392112,Plastics
392113,Plastics
392114,Plastics
392119,Plastics
392190,Plastics
392210,Plastics
392220,Plastics
392290,Plastics
392310,Plastics
392321,Plastics
392329,Plastics
392330,Plastics
392340,Plastics
392350,Plastics
392390,Plastics
392410,Plastics
392490,Plastics
392510,Plastics
392520,Plastics
392530,Plastics
392590,Plastics
392610,Plastics
392620,Plastics
392630,Plastics
392640,Plastics
392690,Plastics
400110,Plastics
400122,Plastics
400129,Plastics
400130,Plastics
400219,Plastics
400220,Plastics
400231,Plastics
400239,Plastics
400249,Plastics
400259,Plastics
400260,Plastics
400270,Plastics
400280,Plastics
400299,Plastics
400300,Plastics
400400,Plastics
400510,Plastics
400591,Plastics
400599,Plastics
400610,Plastics
400690,Plastics
400700,Plastics
400811,Plastics
400819,Plastics
400821,Plastics
400829,Plastics
400910,Plastics
400920,Plastics
400930,Plastics
400940,Plastics
400950,Plastics
401010,Plastics
401099,Plastics
401110,Plastics
401120,Plastics
401130,Plastics
401191,Plastics
401199,Plastics
401210,Plastics
401220,Plastics
401290,Plastics
401310,Plastics
401320,Plastics
401390,Plastics
401490,Plastics
401511,Plastics
401519,Plastics
401590,Plastics
401610,Plastics
401691,Plastics
401692,Plastics
401693,Plastics
401694,Plastics
401695,Plastics
401699,Plastics
401700,Plastics
410129,Skins and leather
410390,Skins and leather
410422,Skins and leather
410431,Skins and leather
410439,Skins and leather
410520,Skins and leather
410620,Skins and leather
410710,Skins and leather
410729,Skins and leather
410790,Skins and leather
410800,Skins and leather
410900,Skins and leather
411000,Skins and leather
411100,Skins and leather
420100,Skins and leather
420211,Skins and leather
420212,Skins and leather
420219,Skins and leather
420221,Skins and leather
420222,Skins and leather
420229,Skins and leather
420231,Skins and leather
420232,Skins and leather
420239,Skins and leather
420291,Skins and leather
420292,Skins and leather
420299,Skins and leather
420310,Skins and leather
420321,Skins and leather
420329,Skins and leather
420330,Skins and leather
420340,Skins and leather
420500,Skins and leather
420610,Skins and leather
430180,Skins and leather
430219,Skins and leather
430220,Skins and leather
430230,Skins and leather
430310,Skins and leather
430390,Skins and leather
430400,Skins and leather
440121,Articles of wood
440122,Articles of wood
440130,Articles of wood
440200,Articles of wood
440399,Articles of wood
440410,Articles of wood
440420,Articles of wood
440500,Articles of wood
440710,Articles of wood
440723,Articles of wood
440791,Articles of wood
440792,Articles of wood
440799,Articles of wood
440810,Articles of wood
440890,Articles of wood
440910,Articles of wood
440920,Articles of wood
441010,Articles of wood
441090,Articles of wood
441119,Articles of wood
441121,Articles of wood
441199,Articles of wood
441211,Articles of wood
441212,Articles of wood
441219,Articles of wood
441299,Articles of wood
441300,Articles of wood
441400,Articles of wood
441510,Articles of wood
441520,Articles of wood
441600,Articles of wood
441700,Articles of wood
441810,Articles of wood
441820,Articles of wood
441830,Articles of wood
441890,Articles of wood
441900,Articles of wood
442010,Articles of wood
442090,Articles of wood
442110,Articles of wood
442190,Articles of wood
450310,Articles of wood
450390,Articles of wood
450410,Articles of wood
450490,Articles of wood
460120,Articles of wood
460191,Articles of wood
460199,Articles of wood
460210,Articles of wood
460290,Articles of wood
470321,Paper and pulp of wood
470329,Paper and pulp of wood
470710,Paper and pulp of wood
470720,Paper and pulp of wood
470730,Paper and pulp of wood
470790,Paper and pulp of wood
480100,Paper and pulp of wood
480210,Paper and pulp of wood
480220,Paper and pulp of wood
480252,Paper and pulp of wood
480300,Paper and pulp of wood
480411,Paper and pulp of wood
480419,Paper and pulp of wood
480421,Paper and pulp of wood
480429,Paper and pulp of wood
480431,Paper and pulp of wood
480439,Paper and pulp of wood
480441,Paper and pulp of wood
480442,Paper and pulp of wood
480449,Paper and pulp of wood
480451,Paper and pulp of wood
480459,Paper and pulp of wood
480510,Paper and pulp of wood
480522,Paper and pulp of wood
480540,Paper and pulp of wood
480550,Paper and pulp of wood
480560,Paper and pulp of wood
480580,Paper and pulp of wood
480610,Paper and pulp of wood
480620,Paper and pulp of wood
480640,Paper and pulp of wood
480799,Paper and pulp of wood
480810,Paper and pulp of wood
480830,Paper and pulp of wood
480890,Paper and pulp of wood
480920,Paper and pulp of wood
480990,Paper and pulp of wood
481011,Paper and pulp of wood
481021,Paper and pulp of wood
481029,Paper and pulp of wood
481031,Paper and pulp of wood
481032,Paper and pulp of wood
481039,Paper and pulp of wood
481091,Paper and pulp of wood
481099,Paper and pulp of wood
481110,Paper and pulp of wood
481121,Paper and pulp of wood
481129,Paper and pulp of wood
481131,Paper and pulp of wood
481139,Paper and pulp of wood
481140,Paper and pulp of wood
481190,Paper and pulp of wood
481200,Paper and pulp of wood
481310,Paper and pulp of wood
481420,Paper and pulp of wood
481490,Paper and pulp of wood
481620,Paper and pulp of wood
481690,Paper and pulp of wood
481710,Paper and pulp of wood
481720,Paper and pulp of wood
481730,Paper and pulp of wood
481810,Paper and pulp of wood
481820,Paper and pulp of wood
481830,Paper and pulp of wood
481840,Paper and pulp of wood
481850,Paper and pulp of wood
481890,Paper and pulp of wood
481910,Paper and pulp of wood
481920,Paper and pulp of wood
481930,Paper and pulp of wood
481940,Paper and pulp of wood
481950,Paper and pulp of wood
481960,Paper and pulp of wood
482010,Paper and pulp of wood
482020,Paper and pulp of wood
482030,Paper and pulp of wood
482040,Paper and pulp of wood
482050,Paper and pulp of wood
482090,Paper and pulp of wood
482110,Paper and pulp of wood
482190,Paper and pulp of wood
482210,Paper and pulp of wood
482290,Paper and pulp of wood
482320,Paper and pulp of wood
482340,Paper and pulp of wood
482359,Paper and pulp of wood
482360,Paper and pulp of wood
482370,Paper and pulp of wood
482390,Paper and pulp of wood
490110,Paper and pulp of wood
490191,Paper and pulp of wood
490199,Paper and pulp of wood
490210,Paper and pulp of wood
490290,Paper and pulp of wood
490300,Paper and pulp of wood
490400,Paper and pulp of wood
490599,Paper and pulp of wood
490600,Paper and pulp of wood
490810,Paper and pulp of wood
490890,Paper and pulp of wood
490900,Paper and pulp of wood
491000,Paper and pulp of wood
491110,Paper and pulp of wood
491191,Paper and pulp of wood
491199,Paper and pulp of wood
500400,Textiles
500600,Textiles
500720,Textiles
500790,Textiles
510510,Textiles
510529,Textiles
510610,Textiles
510710,Textiles
510720,Textiles
511111,Textiles
511119,Textiles
511130,Textiles
511190,Textiles
511211,Textiles
511219,Textiles
511220,Textiles
511230,Textiles
511290,Textiles
511300,Textiles
520100,Textiles
520210,Textiles
520299,Textiles
520300,Textiles
520411,Textiles
520419,Textiles
520420,Textiles
520511,Textiles
520512,Textiles
520513,Textiles
520514,Textiles
520521,Textiles
520522,Textiles
520523,Textiles
520524,Textiles
520525,Textiles
520532,Textiles
520541,Textiles
520542,Textiles
520543,Textiles
520544,Textiles
520611,Textiles
520612,Textiles
520613,Textiles
520622,Textiles
520631,Textiles
520632,Textiles
520642,Textiles
520643,Textiles
520710,Textiles
520790,Textiles
520811,Textiles
520812,Textiles
520819,Textiles
520821,Textiles
520822,Textiles
520829,Textiles
520831,Textiles
520832,Textiles
520833,Textiles
520839,Textiles
520841,Textiles
520842,Textiles
520843,Textiles
520849,Textiles
520852,Textiles
520859,Textiles
520911,Textiles
520912,Textiles
520919,Textiles
520921,Textiles
520922,Textiles
520929,Textiles
520931,Textiles
520932,Textiles
520939,Textiles
520941,Textiles
520942,Textiles
520943,Textiles
520949,Textiles
520951,Textiles
520952,Textiles
520959,Textiles
521021,Textiles
521029,Textiles
521039,Textiles
521041,Textiles
521049,Textiles
521112,Textiles
521119,Textiles
521129,Textiles
521131,Textiles
521132,Textiles
521139,Textiles
521141,Textiles
521142,Textiles
521149,Textiles
521159,Textiles
521211,Textiles
521221,Textiles
521224,Textiles
521225,Textiles
530310,Textiles
530390,Textiles
530599,Textiles
530890,Textiles
530911,Textiles
530919,Textiles
530929,Textiles
531010,Textiles
531090,Textiles
531100,Textiles
540110,Textiles
540120,Textiles
540210,Textiles
540220,Textiles
540231,Textiles
540232,Textiles
540233,Textiles
540239,Textiles
540241,Textiles
540242,Textiles
540243,Textiles
540249,Textiles
540251,Textiles
540252,Textiles
540259,Textiles
540261,Textiles
540262,Textiles
540269,Textiles
540331,Textiles
540332,Textiles
540341,Textiles
540349,Textiles
540410,Textiles
540490,Textiles
540500,Textiles
540610,Textiles
540710,Textiles
540720,Textiles
540730,Textiles
540741,Textiles
540742,Textiles
540743,Textiles
540744,Textiles
540751,Textiles
540752,Textiles
540753,Textiles
540754,Textiles
540760,Textiles
540771,Textiles
540772,Textiles
540773,Textiles
540774,Textiles
540781,Textiles
540782,Textiles
540783,Textiles
540791,Textiles
540792,Textiles
540793,Textiles
540794,Textiles
540810,Textiles
540821,Textiles
540822,Textiles
540823,Textiles
540824,Textiles
540832,Textiles
540833,Textiles
550110,Textiles
550130,Textiles
550190,Textiles
550200,Textiles
550310,Textiles
550320,Textiles
550330,Textiles
550390,Textiles
550510,Textiles
550520,Textiles
550620,Textiles
550630,Textiles
550810,Textiles
550911,Textiles
550912,Textiles
550921,Textiles
550922,Textiles
550931,Textiles
550932,Textiles
550942,Textiles
550951,Textiles
550952,Textiles
550953,Textiles
550959,Textiles
550969,Textiles
550991,Textiles
550999,Textiles
551011,Textiles
551012,Textiles
551020,Textiles
551030,Textiles
551090,Textiles
551110,Textiles
551120,Textiles
551130,Textiles
551211,Textiles
551219,Textiles
551221,Textiles
551229,Textiles
551291,Textiles
551299,Textiles
551311,Textiles
551312,Textiles
551313,Textiles
551321,Textiles
551323,Textiles
551329,Textiles
551331,Textiles
551349,Textiles
551411,Textiles
551412,Textiles
551419,Textiles
551421,Textiles
551422,Textiles
551423,Textiles
551429,Textiles
551433,Textiles
551441,Textiles
551511,Textiles
551512,Textiles
551513,Textiles
551519,Textiles
551521,Textiles
551522,Textiles
551529,Textiles
551591,Textiles
551599,Textiles
551611,Textiles
551612,Textiles
551613,Textiles
551614,Textiles
551621,Textiles
551623,Textiles
551632,Textiles
551642,Textiles
551643,Textiles
551691,Textiles
551692,Textiles
551694,Textiles
560121,Textiles
560122,Textiles
560129,Textiles
560130,Textiles
560210,Textiles
560221,Textiles
560229,Textiles
560290,Textiles
560300,Textiles
560410,Textiles
560490,Textiles
560500,Textiles
560600,Textiles
560721,Textiles
560729,Textiles
560741,Textiles
560749,Textiles
560750,Textiles
560790,Textiles
560811,Textiles
560819,Textiles
560890,Textiles
560900,Textiles
570110,Textiles
570190,Textiles
570210,Textiles
570220,Textiles
570231,Textiles
570232,Textiles
570241,Textiles
570242,Textiles
570249,Textiles
570259,Textiles
570291,Textiles
570292,Textiles
570299,Textiles
570310,Textiles
570320,Textiles
570330,Textiles
570390,Textiles
570410,Textiles
570490,Textiles
570500,Textiles
580110,Textiles
580121,Textiles
580122,Textiles
580125,Textiles
580131,Textiles
580132,Textiles
580133,Textiles
580135,Textiles
580136,Textiles
580190,Textiles
580219,Textiles
580220,Textiles
580390,Textiles
580410,Textiles
580421,Textiles
580429,Textiles
580430,Textiles
580500,Textiles
580610,Textiles
580620,Textiles
580631,Textiles
580632,Textiles
580639,Textiles
580640,Textiles
580710,Textiles
580790,Textiles
580810,Textiles
580890,Textiles
580900,Textiles
581010,Textiles
581091,Textiles
581092,Textiles
581099,Textiles
581100,Textiles
590110,Textiles
590190,Textiles
590210,Textiles
590220,Textiles
590310,Textiles
590320,Textiles
590390,Textiles
590492,Textiles
590610,Textiles
590691,Textiles
590699,Textiles
590700,Textiles
590800,Textiles
590900,Textiles
591000,Textiles
591110,Textiles
591120,Textiles
591131,Textiles
591132,Textiles
591140,Textiles
591190,Textiles
600110,Textiles
600121,Textiles
600122,Textiles
600129,Textiles
600191,Textiles
600192,Textiles
600210,Textiles
600220,Textiles
600230,Textiles
600242,Textiles
600243,Textiles
600249,Textiles
600291,Textiles
600292,Textiles
600293,Textiles
600299,Textiles
610120,Textiles
610130,Textiles
610190,Textiles
610210,Textiles
610220,Textiles
610230,Textiles
610290,Textiles
610319,Textiles
610322,Textiles
610323,Textiles
610331,Textiles
610332,Textiles
610333,Textiles
610341,Textiles
610342,Textiles
610343,Textiles
610349,Textiles
610413,Textiles
610419,Textiles
610423,Textiles
610431,Textiles
610432,Textiles
610433,Textiles
610439,Textiles
610441,Textiles
610442,Textiles
610443,Textiles
610444,Textiles
610449,Textiles
610451,Textiles
610452,Textiles
610453,Textiles
610459,Textiles
610461,Textiles
610462,Textiles
610463,Textiles
610469,Textiles
610510,Textiles
610520,Textiles
610590,Textiles
610610,Textiles
610620,Textiles
610690,Textiles
610711,Textiles
610712,Textiles
610719,Textiles
610721,Textiles
610722,Textiles
610791,Textiles
610799,Textiles
610811,Textiles
610819,Textiles
610821,Textiles
610822,Textiles
610829,Textiles
610831,Textiles
610832,Textiles
610839,Textiles
610891,Textiles
610892,Textiles
610910,Textiles
610990,Textiles
611010,Textiles
611020,Textiles
611030,Textiles
611090,Textiles
611120,Textiles
611130,Textiles
611190,Textiles
611211,Textiles
611212,Textiles
611219,Textiles
611220,Textiles
611231,Textiles
611241,Textiles
611249,Textiles
611300,Textiles
611420,Textiles
611430,Textiles
611490,Textiles
611511,Textiles
611512,Textiles
611519,Textiles
611520,Textiles
611591,Textiles
611592,Textiles
611593,Textiles
611599,Textiles
611610,Textiles
611691,Textiles
611692,Textiles
611693,Textiles
611699,Textiles
611710,Textiles
611780,Textiles
611790,Textiles
620111,Textiles
620112,Textiles
620113,Textiles
620119,Textiles
620191,Textiles
620192,Textiles
620193,Textiles
620199,Textiles
620211,Textiles
620212,Textiles
620213,Textiles
620219,Textiles
620291,Textiles
620292,Textiles
620293,Textiles
620299,Textiles
620311,Textiles
620312,Textiles
620319,Textiles
620322,Textiles
620323,Textiles
620331,Textiles
620332,Textiles
620333,Textiles
620339,Textiles
620341,Textiles
620342,Textiles
620343,Textiles
620349,Textiles
620412,Textiles
620413,Textiles
620419,Textiles
620422,Textiles
620431,Textiles
620432,Textiles
620433,Textiles
620439,Textiles
620441,Textiles
620442,Textiles
620443,Textiles
620444,Textiles
620449,Textiles
620451,Textiles
620452,Textiles
620453,Textiles
620459,Textiles
620461,Textiles
620462,Textiles
620463,Textiles
620469,Textiles
620520,Textiles
620530,Textiles
620590,Textiles
620610,Textiles
620620,Textiles
620630,Textiles
620640,Textiles
620690,Textiles
620711,Textiles
620719,Textiles
620721,Textiles
620722,Textiles
620791,Textiles
620799,Textiles
620811,Textiles
620819,Textiles
620821,Textiles
620822,Textiles
620891,Textiles
620892,Textiles
620920,Textiles
620930,Textiles
620990,Textiles
621010,Textiles
621020,Textiles
621030,Textiles
621040,Textiles
621050,Textiles
621111,Textiles
621112,Textiles
621120,Textiles
621132,Textiles
621133,Textiles
621139,Textiles
621142,Textiles
621143,Textiles
621149,Textiles
621210,Textiles
621220,Textiles
621230,Textiles
621290,Textiles
621320,Textiles
621390,Textiles
621410,Textiles
621420,Textiles
621430,Textiles
621440,Textiles
621490,Textiles
621510,Textiles
621520,Textiles
621590,Textiles
621600,Textiles
621710,Textiles
621790,Textiles
630120,Textiles
630130,Textiles
630140,Textiles
630190,Textiles
630210,Textiles
630221,Textiles
630222,Textiles
630229,Textiles
630231,Textiles
630232,Textiles
630239,Textiles
630240,Textiles
630251,Textiles
630253,Textiles
630259,Textiles
630260,Textiles
630291,Textiles
630293,Textiles
630299,Textiles
630312,Textiles
630319,Textiles
630391,Textiles
630392,Textiles
630399,Textiles
630411,Textiles
630419,Textiles
630491,Textiles
630492,Textiles
630493,Textiles
630499,Textiles
630510,Textiles
630520,Textiles
630531,Textiles
630539,Textiles
630590,Textiles
630612,Textiles
630619,Textiles
630622,Textiles
630629,Textiles
630631,Textiles
630649,Textiles
630699,Textiles
630710,Textiles
630720,Textiles
630790,Textiles
630800,Textiles
630900,Textiles
631010,Textiles
631090,Textiles
640110,Footwear and headwear
640192,Footwear and headwear
640199,Footwear and headwear
640219,Footwear and headwear
640220,Footwear and headwear
640291,Footwear and headwear
640299,Footwear and headwear
640319,Footwear and headwear
640320,Footwear and headwear
640340,Footwear and headwear
640351,Footwear and headwear
640359,Footwear and headwear
640391,Footwear and headwear
640399,Footwear and headwear
640411,Footwear and headwear
640419,Footwear and headwear
640420,Footwear and headwear
640510,Footwear and headwear
640520,Footwear and headwear
640590,Footwear and headwear
640610,Footwear and headwear
640620,Footwear and headwear
640699,Footwear and headwear
650100,Footwear and headwear
650200,Footwear and headwear
650400,Footwear and headwear
650590,Footwear and headwear
650610,Footwear and headwear
650691,Footwear and headwear
650699,Footwear and headwear
650700,Footwear and headwear
660110,Footwear and headwear
660191,Footwear and headwear
660199,Footwear and headwear
660200,Footwear and headwear
660320,Footwear and headwear
660390,Footwear and headwear
670100,Footwear and headwear
670210,Footwear and headwear
670290,Footwear and headwear
670300,Footwear and headwear
670411,Footwear and headwear
670419,Footwear and headwear
670420,Footwear and headwear
670490,Footwear and headwear
680100,"Stone, cement, ceramic, glass"
680210,"Stone, cement, ceramic, glass"
680221,"Stone, cement, ceramic, glass"
680223,"Stone, cement, ceramic, glass"
680229,"Stone, cement, ceramic, glass"
680291,"Stone, cement, ceramic, glass"
680292,"Stone, cement, ceramic, glass"
680293,"Stone, cement, ceramic, glass"
680299,"Stone, cement, ceramic, glass"
680300,"Stone, cement, ceramic, glass"
680410,"Stone, cement, ceramic, glass"
680421,"Stone, cement, ceramic, glass"
680422,"Stone, cement, ceramic, glass"
680423,"Stone, cement, ceramic, glass"
680430,"Stone, cement, ceramic, glass"
680510,"Stone, cement, ceramic, glass"
680520,"Stone, cement, ceramic, glass"
680530,"Stone, cement, ceramic, glass"
680610,"Stone, cement, ceramic, glass"
680620,"Stone, cement, ceramic, glass"
680690,"Stone, cement, ceramic, glass"
680710,"Stone, cement, ceramic, glass"
680790,"Stone, cement, ceramic, glass"
680800,"Stone, cement, ceramic, glass"
680911,"Stone, cement, ceramic, glass"
680919,"Stone, cement, ceramic, glass"
680990,"Stone, cement, ceramic, glass"
681011,"Stone, cement, ceramic, glass"
681019,"Stone, cement, ceramic, glass"
681091,"Stone, cement, ceramic, glass"
681099,"Stone, cement, ceramic, glass"
681120,"Stone, cement, ceramic, glass"
681190,"Stone, cement, ceramic, glass"
681250,"Stone, cement, ceramic, glass"
681290,"Stone, cement, ceramic, glass"
681310,"Stone, cement, ceramic, glass"
681390,"Stone, cement, ceramic, glass"
681410,"Stone, cement, ceramic, glass"
681490,"Stone, cement, ceramic, glass"
681510,"Stone, cement, ceramic, glass"
681591,"Stone, cement, ceramic, glass"
681599,"Stone, cement, ceramic, glass"
690100,"Stone, cement, ceramic, glass"
690210,"Stone, cement, ceramic, glass"
690220,"Stone, cement, ceramic, glass"
690290,"Stone, cement, ceramic, glass"
690310,"Stone, cement, ceramic, glass"
690320,"Stone, cement, ceramic, glass"
690390,"Stone, cement, ceramic, glass"
690410,"Stone, cement, ceramic, glass"
690490,"Stone, cement, ceramic, glass"
690510,"Stone, cement, ceramic, glass"
690590,"Stone, cement, ceramic, glass"
690600,"Stone, cement, ceramic, glass"
690790,"Stone, cement, ceramic, glass"
690911,"Stone, cement, ceramic, glass"
690919,"Stone, cement, ceramic, glass"
690990,"Stone, cement, ceramic, glass"
691010,"Stone, cement, ceramic, glass"
691090,"Stone, cement, ceramic, glass"
691110,"Stone, cement, ceramic, glass"
691190,"Stone, cement, ceramic, glass"
691200,"Stone, cement, ceramic, glass"
691310,"Stone, cement, ceramic, glass"
691390,"Stone, cement, ceramic, glass"
691410,"Stone, cement, ceramic, glass"
691490,"Stone, cement, ceramic, glass"
700100,"Stone, cement, ceramic, glass"
700210,"Stone, cement, ceramic, glass"
700220,"Stone, cement, ceramic, glass"
700231,"Stone, cement, ceramic, glass"
700232,"Stone, cement, ceramic, glass"
700239,"Stone, cement, ceramic, glass"
700311,"Stone, cement, ceramic, glass"
700319,"Stone, cement, ceramic, glass"
700320,"Stone, cement, ceramic, glass"
700410,"Stone, cement, ceramic, glass"
700490,"Stone, cement, ceramic, glass"
700510,"Stone, cement, ceramic, glass"
700521,"Stone, cement, ceramic, glass"
700529,"Stone, cement, ceramic, glass"
700530,"Stone, cement, ceramic, glass"
700600,"Stone, cement, ceramic, glass"
700711,"Stone, cement, ceramic, glass"
700719,"Stone, cement, ceramic, glass"
700721,"Stone, cement, ceramic, glass"
700729,"Stone, cement, ceramic, glass"
700800,"Stone, cement, ceramic, glass"
700910,"Stone, cement, ceramic, glass"
700991,"Stone, cement, ceramic, glass"
700992,"Stone, cement, ceramic, glass"
701010,"Stone, cement, ceramic, glass"
701090,"Stone, cement, ceramic, glass"
701110,"Stone, cement, ceramic, glass"
701120,"Stone, cement, ceramic, glass"
701190,"Stone, cement, ceramic, glass"
701310,"Stone, cement, ceramic, glass"
701321,"Stone, cement, ceramic, glass"
701329,"Stone, cement, ceramic, glass"
701331,"Stone, cement, ceramic, glass"
701339,"Stone, cement, ceramic, glass"
701391,"Stone, cement, ceramic, glass"
701399,"Stone, cement, ceramic, glass"
701400,"Stone, cement, ceramic, glass"
701590,"Stone, cement, ceramic, glass"
701610,"Stone, cement, ceramic, glass"
701690,"Stone, cement, ceramic, glass"
701710,"Stone, cement, ceramic, glass"
701720,"Stone, cement, ceramic, glass"
701790,"Stone, cement, ceramic, glass"
701810,"Stone, cement, ceramic, glass"
701890,"Stone, cement, ceramic, glass"
701910,"Stone, cement, ceramic, glass"
701920,"Stone, cement, ceramic, glass"
701931,"Stone, cement, ceramic, glass"
701932,"Stone, cement, ceramic, glass"
701939,"Stone, cement, ceramic, glass"
701990,"Stone, cement, ceramic, glass"
702000,"Stone, cement, ceramic, glass"
710122,Precious stones and metals
710239,Precious stones and metals
710310,Precious stones and metals
710391,Precious stones and metals
710399,Precious stones and metals
710490,Precious stones and metals
710510,Precious stones and metals
710590,Precious stones and metals
710610,Precious stones and metals
710691,Precious stones and metals
710692,Precious stones and metals
710700,Precious stones and metals
710811,Precious stones and metals
710812,Precious stones and metals
710813,Precious stones and metals
710900,Precious stones and metals
711011,Precious stones and metals
711019,Precious stones and metals
711021,Precious stones and metals
711029,Precious stones and metals
711049,Precious stones and metals
711100,Precious stones and metals
711210,Precious stones and metals
711290,Precious stones and metals
711311,Precious stones and metals
711319,Precious stones and metals
711320,Precious stones and metals
711411,Precious stones and metals
711419,Precious stones and metals
711420,Precious stones and metals
711590,Precious stones and metals
711610,Precious stones and metals
711620,Precious stones and metals
711711,Precious stones and metals
711719,Precious stones and metals
711790,Precious stones and metals
711810,Precious stones and metals
711890,Precious stones and metals
720211,Articles of metal
720219,Articles of metal
720229,Articles of metal
720230,Articles of metal
720241,Articles of metal
720249,Articles of metal
720270,Articles of metal
720291,Articles of metal
720293,Articles of metal
720299,Articles of metal
720410,Articles of metal
720421,Articles of metal
720429,Articles of metal
720430,Articles of metal
720441,Articles of metal
720449,Articles of metal
720450,Articles of metal
720510,Articles of metal
720521,Articles of metal
720610,Articles of metal
720690,Articles of metal
720711,Articles of metal
720712,Articles of metal
720719,Articles of metal
720720,Articles of metal
720821,Articles of metal
720822,Articles of metal
720823,Articles of metal
720824,Articles of metal
720842,Articles of metal
720843,Articles of metal
720844,Articles of metal
720845,Articles of metal
720890,Articles of metal
720921,Articles of metal
720922,Articles of metal
720923,Articles of metal
720924,Articles of metal
720941,Articles of metal
720942,Articles of metal
720943,Articles of metal
720990,Articles of metal
721011,Articles of metal
721012,Articles of metal
721039,Articles of metal
721041,Articles of metal
721049,Articles of metal
721050,Articles of metal
721060,Articles of metal
721070,Articles of metal
721090,Articles of metal
721119,Articles of metal
721122,Articles of metal
721129,Articles of metal
721141,Articles of metal
721190,Articles of metal
721210,Articles of metal
721229,Articles of metal
721230,Articles of metal
721240,Articles of metal
721250,Articles of metal
721260,Articles of metal
721310,Articles of metal
721331,Articles of metal
721339,Articles of metal
721410,Articles of metal
721420,Articles of metal
721430,Articles of metal
721440,Articles of metal
721510,Articles of metal
721520,Articles of metal
721590,Articles of metal
721610,Articles of metal
721621,Articles of metal
721622,Articles of metal
721631,Articles of metal
721632,Articles of metal
721633,Articles of metal
721640,Articles of metal
721650,Articles of metal
721660,Articles of metal
721690,Articles of metal
721711,Articles of metal
721712,Articles of metal
721719,Articles of metal
721733,Articles of metal
721890,Articles of metal
721912,Articles of metal
721914,Articles of metal
721922,Articles of metal
721923,Articles of metal
721924,Articles of metal
721931,Articles of metal
721932,Articles of metal
721933,Articles of metal
721934,Articles of metal
721935,Articles of metal
721990,Articles of metal
722012,Articles of metal
722020,Articles of metal
722090,Articles of metal
722100,Articles of metal
722210,Articles of metal
722220,Articles of metal
722230,Articles of metal
722240,Articles of metal
722300,Articles of metal
722410,Articles of metal
722490,Articles of metal
722510,Articles of metal
722530,Articles of metal
722540,Articles of metal
722550,Articles of metal
722590,Articles of metal
722610,Articles of metal
722620,Articles of metal
722691,Articles of metal
722692,Articles of metal
722699,Articles of metal
722720,Articles of metal
722790,Articles of metal
722810,Articles of metal
722820,Articles of metal
722830,Articles of metal
722840,Articles of metal
722850,Articles of metal
722860,Articles of metal
722870,Articles of metal
722880,Articles of metal
722920,Articles of metal
722990,Articles of metal
730110,Articles of metal
730120,Articles of metal
730210,Articles of metal
730230,Articles of metal
730240,Articles of metal
730290,Articles of metal
730300,Articles of metal
730410,Articles of metal
730420,Articles of metal
730431,Articles of metal
730439,Articles of metal
730441,Articles of metal
730449,Articles of metal
730451,Articles of metal
730459,Articles of metal
730490,Articles of metal
730511,Articles of metal
730512,Articles of metal
730519,Articles of metal
730531,Articles of metal
730539,Articles of metal
730590,Articles of metal
730610,Articles of metal
730620,Articles of metal
730630,Articles of metal
730640,Articles of metal
730650,Articles of metal
730660,Articles of metal
730690,Articles of metal
730711,Articles of metal
730719,Articles of metal
730721,Articles of metal
730722,Articles of metal
730723,Articles of metal
730729,Articles of metal
730791,Articles of metal
730792,Articles of metal
730793,Articles of metal
730799,Articles of metal
730810,Articles of metal
730820,Articles of metal
730830,Articles of metal
730840,Articles of metal
730890,Articles of metal
730900,Articles of metal
731010,Articles of metal
731021,Articles of metal
731029,Articles of metal
731100,Articles of metal
731210,Articles of metal
731290,Articles of metal
731300,Articles of metal
731411,Articles of metal
731419,Articles of metal
731420,Articles of metal
731430,Articles of metal
731441,Articles of metal
731442,Articles of metal
731449,Articles of metal
731450,Articles of metal
731511,Articles of metal
731512,Articles of metal
731519,Articles of metal
731581,Articles of metal
731582,Articles of metal
731589,Articles of metal
731590,Articles of metal
731600,Articles of metal
731700,Articles of metal
731811,Articles of metal
731812,Articles of metal
731813,Articles of metal
731814,Articles of metal
731815,Articles of metal
731816,Articles of metal
731819,Articles of metal
731821,Articles of metal
731822,Articles of metal
731823,Articles of metal
731824,Articles of metal
731829,Articles of metal
731930,Articles of metal
731990,Articles of metal
732010,Articles of metal
732020,Articles of metal
732090,Articles of metal
732111,Articles of metal
732112,Articles of metal
732113,Articles of metal
732181,Articles of metal
732182,Articles of metal
732183,Articles of metal
732190,Articles of metal
732219,Articles of metal
732290,Articles of metal
732310,Articles of metal
732391,Articles of metal
732392,Articles of metal
732393,Articles of metal
732394,Articles of metal
732399,Articles of metal
732410,Articles of metal
732429,Articles of metal
732490,Articles of metal
732510,Articles of metal
732591,Articles of metal
732599,Articles of metal
732611,Articles of metal
732619,Articles of metal
732620,Articles of metal
732690,Articles of metal
740110,Articles of metal
740311,Articles of metal
740319,Articles of metal
740321,Articles of metal
740322,Articles of metal
740329,Articles of metal
740400,Articles of metal
740500,Articles of metal
740610,Articles of metal
740620,Articles of metal
740710,Articles of metal
740721,Articles of metal
740729,Articles of metal
740811,Articles of metal
740819,Articles of metal
740821,Articles of metal
740822,Articles of metal
740829,Articles of metal
740911,Articles of metal
740919,Articles of metal
740921,Articles of metal
740929,Articles of metal
740931,Articles of metal
740939,Articles of metal
740940,Articles of metal
740990,Articles of metal
741011,Articles of metal
741012,Articles of metal
741021,Articles of metal
741022,Articles of metal
741110,Articles of metal
741121,Articles of metal
741122,Articles of metal
741129,Articles of metal
741210,Articles of metal
741220,Articles of metal
741300,Articles of metal
741510,Articles of metal
741521,Articles of metal
741529,Articles of metal
741532,Articles of metal
741539,Articles of metal
741810,Articles of metal
741820,Articles of metal
741910,Articles of metal
741991,Articles of metal
741999,Articles of metal
750120,Articles of metal
750210,Articles of metal
750220,Articles of metal
750300,Articles of metal
750400,Articles of metal
750511,Articles of metal
750512,Articles of metal
750522,Articles of metal
750620,Articles of metal
750712,Articles of metal
750720,Articles of metal
750800,Articles of metal
760110,Articles of metal
760120,Articles of metal
760200,Articles of metal
760310,Articles of metal
760320,Articles of metal
760410,Articles of metal
760421,Articles of metal
760429,Articles of metal
760511,Articles of metal
760519,Articles of metal
760521,Articles of metal
760529,Articles of metal
760611,Articles of metal
760612,Articles of metal
760691,Articles of metal
760692,Articles of metal
760711,Articles of metal
760719,Articles of metal
760720,Articles of metal
760810,Articles of metal
760820,Articles of metal
760900,Articles of metal
761010,Articles of metal
761090,Articles of metal
761100,Articles of metal
761210,Articles of metal
761290,Articles of metal
761300,Articles of metal
761410,Articles of metal
761490,Articles of metal
761510,Articles of metal
761520,Articles of metal
761610,Articles of metal
761690,Articles of metal
780110,Articles of metal
780191,Articles of metal
780200,Articles of metal
780411,Articles of metal
780419,Articles of metal
780420,Articles of metal
780600,Articles of metal
790111,Articles of metal
790112,Articles of metal
790120,Articles of metal
790200,Articles of metal
790310,Articles of metal
790390,Articles of metal
790400,Articles of metal
790500,Articles of metal
790790,Articles of metal
800110,Articles of metal
800120,Articles of metal
800200,Articles of metal
800300,Articles of metal
800700,Articles of metal
810110,Articles of metal
810191,Articles of metal
810193,Articles of metal
810199,Articles of metal
810210,Articles of metal
810310,Articles of metal
810390,Articles of metal
810419,Articles of metal
810420,Articles of metal
810490,Articles of metal
810510,Articles of metal
810590,Articles of metal
810600,Articles of metal
810710,Articles of metal
810810,Articles of metal
810890,Articles of metal
810990,Articles of metal
811000,Articles of metal
811100,Articles of metal
811220,Articles of metal
811299,Articles of metal
811300,Articles of metal
820110,Articles of metal
820130,Articles of metal
820140,Articles of metal
820150,Articles of metal
820160,Articles of metal
820190,Articles of metal
820210,Articles of metal
820220,Articles of metal
820231,Articles of metal
820232,Articles of metal
820291,Articles of metal
820299,Articles of metal
820310,Articles of metal
820320,Articles of metal
820330,Articles of metal
820340,Articles of metal
820411,Articles of metal
820412,Articles of metal
820420,Articles of metal
820510,Articles of metal
820520,Articles of metal
820530,Articles of metal
820540,Articles of metal
820551,Articles of metal
820559,Articles of metal
820560,Articles of metal
820570,Articles of metal
820590,Articles of metal
820600,Articles of metal
820711,Articles of metal
820712,Articles of metal
820720,Articles of metal
820730,Articles of metal
820740,Articles of metal
820750,Articles of metal
820760,Articles of metal
820770,Articles of metal
820780,Articles of metal
820790,Articles of metal
820810,Articles of metal
820820,Articles of metal
820830,Articles of metal
820840,Articles of metal
820890,Articles of metal
820900,Articles of metal
821000,Articles of metal
821191,Articles of metal
821192,Articles of metal
821193,Articles of metal
821194,Articles of metal
821210,Articles of metal
821220,Articles of metal
821290,Articles of metal
821300,Articles of metal
821410,Articles of metal
821420,Articles of metal
821490,Articles of metal
821520,Articles of metal
821591,Articles of metal
821599,Articles of metal
830110,Articles of metal
830120,Articles of metal
830130,Articles of metal
830140,Articles of metal
830150,Articles of metal
830160,Articles of metal
830170,Articles of metal
830210,Articles of metal
830220,Articles of metal
830230,Articles of metal
830241,Articles of metal
830242,Articles of metal
830249,Articles of metal
830250,Articles of metal
830260,Articles of metal
830300,Articles of metal
830400,Articles of metal
830510,Articles of metal
830520,Articles of metal
830590,Articles of metal
830610,Articles of metal
830621,Articles of metal
830629,Articles of metal
830630,Articles of metal
830710,Articles of metal
830790,Articles of metal
830810,Articles of metal
830820,Articles of metal
830890,Articles of metal
830910,Articles of metal
830990,Articles of metal
831000,Articles of metal
831110,Articles of metal
831120,Articles of metal
831130,Articles of metal
831190,Articles of metal
840120,Machinery and mechanical appliances
840211,Machinery and mechanical appliances
840212,Machinery and mechanical appliances
840219,Machinery and mechanical appliances
840220,Machinery and mechanical appliances
840290,Machinery and mechanical appliances
840310,Machinery and mechanical appliances
840390,Machinery and mechanical appliances
840410,Machinery and mechanical appliances
840490,Machinery and mechanical appliances
840510,Machinery and mechanical appliances
840590,Machinery and mechanical appliances
840619,Machinery and mechanical appliances
840690,Machinery and mechanical appliances
840710,Machinery and mechanical appliances
840721,Machinery and mechanical appliances
840729,Machinery and mechanical appliances
840733,Machinery and mechanical appliances
840734,Machinery and mechanical appliances
840790,Machinery and mechanical appliances
840810,Machinery and mechanical appliances
840820,Machinery and mechanical appliances
840890,Machinery and mechanical appliances
840910,Machinery and mechanical appliances
840991,Machinery and mechanical appliances
840999,Machinery and mechanical appliances
841012,Machinery and mechanical appliances
841090,Machinery and mechanical appliances
841111,Machinery and mechanical appliances
841112,Machinery and mechanical appliances
841121,Machinery and mechanical appliances
841181,Machinery and mechanical appliances
841182,Machinery and mechanical appliances
841191,Machinery and mechanical appliances
841199,Machinery and mechanical appliances
841221,Machinery and mechanical appliances
841229,Machinery and mechanical appliances
841231,Machinery and mechanical appliances
841239,Machinery and mechanical appliances
841280,Machinery and mechanical appliances
841290,Machinery and mechanical appliances
841311,Machinery and mechanical appliances
841319,Machinery and mechanical appliances
841320,Machinery and mechanical appliances
841330,Machinery and mechanical appliances
841340,Machinery and mechanical appliances
841350,Machinery and mechanical appliances
841360,Machinery and mechanical appliances
841370,Machinery and mechanical appliances
841381,Machinery and mechanical appliances
841382,Machinery and mechanical appliances
841391,Machinery and mechanical appliances
841392,Machinery and mechanical appliances
841410,Machinery and mechanical appliances
841420,Machinery and mechanical appliances
841430,Machinery and mechanical appliances
841440,Machinery and mechanical appliances
841451,Machinery and mechanical appliances
841459,Machinery and mechanical appliances
841460,Machinery and mechanical appliances
841480,Machinery and mechanical appliances
841490,Machinery and mechanical appliances
841510,Machinery and mechanical appliances
841581,Machinery and mechanical appliances
841582,Machinery and mechanical appliances
841583,Machinery and mechanical appliances
841590,Machinery and mechanical appliances
841610,Machinery and mechanical appliances
841620,Machinery and mechanical appliances
841690,Machinery and mechanical appliances
841710,Machinery and mechanical appliances
841720,Machinery and mechanical appliances
841780,Machinery and mechanical appliances
841790,Machinery and mechanical appliances
841810,Machinery and mechanical appliances
841821,Machinery and mechanical appliances
841829,Machinery and mechanical appliances
841830,Machinery and mechanical appliances
841840,Machinery and mechanical appliances
841850,Machinery and mechanical appliances
841861,Machinery and mechanical appliances
841869,Machinery and mechanical appliances
841891,Machinery and mechanical appliances
841899,Machinery and mechanical appliances
841911,Machinery and mechanical appliances
841919,Machinery and mechanical appliances
841920,Machinery and mechanical appliances
841931,Machinery and mechanical appliances
841932,Machinery and mechanical appliances
841939,Machinery and mechanical appliances
841940,Machinery and mechanical appliances
841950,Machinery and mechanical appliances
841960,Machinery and mechanical appliances
841981,Machinery and mechanical appliances
841989,Machinery and mechanical appliances
841990,Machinery and mechanical appliances
842010,Machinery and mechanical appliances
842091,Machinery and mechanical appliances
842099,Machinery and mechanical appliances
842112,Machinery and mechanical appliances
842119,Machinery and mechanical appliances
842121,Machinery and mechanical appliances
842122,Machinery and mechanical appliances
842123,Machinery and mechanical appliances
842129,Machinery and mechanical appliances
842131,Machinery and mechanical appliances
842139,Machinery and mechanical appliances
842191,Machinery and mechanical appliances
842199,Machinery and mechanical appliances
842211,Machinery and mechanical appliances
842219,Machinery and mechanical appliances
842220,Machinery and mechanical appliances
842230,Machinery and mechanical appliances
842240,Machinery and mechanical appliances
842290,Machinery and mechanical appliances
842310,Machinery and mechanical appliances
842320,Machinery and mechanical appliances
842330,Machinery and mechanical appliances
842381,Machinery and mechanical appliances
842382,Machinery and mechanical appliances
842389,Machinery and mechanical appliances
842390,Machinery and mechanical appliances
842410,Machinery and mechanical appliances
842420,Machinery and mechanical appliances
842430,Machinery and mechanical appliances
842481,Machinery and mechanical appliances
842489,Machinery and mechanical appliances
842490,Machinery and mechanical appliances
842511,Machinery and mechanical appliances
842519,Machinery and mechanical appliances
842531,Machinery and mechanical appliances
842539,Machinery and mechanical appliances
842541,Machinery and mechanical appliances
842542,Machinery and mechanical appliances
842549,Machinery and mechanical appliances
842611,Machinery and mechanical appliances
842612,Machinery and mechanical appliances
842619,Machinery and mechanical appliances
842630,Machinery and mechanical appliances
842641,Machinery and mechanical appliances
842691,Machinery and mechanical appliances
842699,Machinery and mechanical appliances
842710,Machinery and mechanical appliances
842720,Machinery and mechanical appliances
842790,Machinery and mechanical appliances
842810,Machinery and mechanical appliances
842820,Machinery and mechanical appliances
842832,Machinery and mechanical appliances
842833,Machinery and mechanical appliances
842839,Machinery and mechanical appliances
842840,Machinery and mechanical appliances
842890,Machinery and mechanical appliances
842911,Machinery and mechanical appliances
842920,Machinery and mechanical appliances
842940,Machinery and mechanical appliances
842951,Machinery and mechanical appliances
842952,Machinery and mechanical appliances
842959,Machinery and mechanical appliances
843010,Machinery and mechanical appliances
843020,Machinery and mechanical appliances
843039,Machinery and mechanical appliances
843041,Machinery and mechanical appliances
843049,Machinery and mechanical appliances
843050,Machinery and mechanical appliances
843061,Machinery and mechanical appliances
843069,Machinery and mechanical appliances
843110,Machinery and mechanical appliances
843120,Machinery and mechanical appliances
843131,Machinery and mechanical appliances
843139,Machinery and mechanical appliances
843141,Machinery and mechanical appliances
843142,Machinery and mechanical appliances
843143,Machinery and mechanical appliances
843149,Machinery and mechanical appliances
843210,Machinery and mechanical appliances
843221,Machinery and mechanical appliances
843229,Machinery and mechanical appliances
843230,Machinery and mechanical appliances
843240,Machinery and mechanical appliances
843280,Machinery and mechanical appliances
843290,Machinery and mechanical appliances
843311,Machinery and mechanical appliances
843319,Machinery and mechanical appliances
843320,Machinery and mechanical appliances
843330,Machinery and mechanical appliances
843340,Machinery and mechanical appliances
843351,Machinery and mechanical appliances
843359,Machinery and mechanical appliances
843360,Machinery and mechanical appliances
843390,Machinery and mechanical appliances
843410,Machinery and mechanical appliances
843420,Machinery and mechanical appliances
843490,Machinery and mechanical appliances
843510,Machinery and mechanical appliances
843590,Machinery and mechanical appliances
843610,Machinery and mechanical appliances
843621,Machinery and mechanical appliances
843629,Machinery and mechanical appliances
843680,Machinery and mechanical appliances
843691,Machinery and mechanical appliances
843699,Machinery and mechanical appliances
843710,Machinery and mechanical appliances
843780,Machinery and mechanical appliances
843790,Machinery and mechanical appliances
843810,Machinery and mechanical appliances
843820,Machinery and mechanical appliances
843830,Machinery and mechanical appliances
843840,Machinery and mechanical appliances
843850,Machinery and mechanical appliances
843860,Machinery and mechanical appliances
843880,Machinery and mechanical appliances
843890,Machinery and mechanical appliances
843910,Machinery and mechanical appliances
843930,Machinery and mechanical appliances
843991,Machinery and mechanical appliances
843999,Machinery and mechanical appliances
844010,Machinery and mechanical appliances
844090,Machinery and mechanical appliances
844110,Machinery and mechanical appliances
844120,Machinery and mechanical appliances
844130,Machinery and mechanical appliances
844140,Machinery and mechanical appliances
844180,Machinery and mechanical appliances
844190,Machinery and mechanical appliances
844230,Machinery and mechanical appliances
844240,Machinery and mechanical appliances
844250,Machinery and mechanical appliances
844311,Machinery and mechanical appliances
844319,Machinery and mechanical appliances
844321,Machinery and mechanical appliances
844329,Machinery and mechanical appliances
844330,Machinery and mechanical appliances
844340,Machinery and mechanical appliances
844350,Machinery and mechanical appliances
844390,Machinery and mechanical appliances
844400,Machinery and mechanical appliances
844511,Machinery and mechanical appliances
844519,Machinery and mechanical appliances
844540,Machinery and mechanical appliances
844590,Machinery and mechanical appliances
844790,Machinery and mechanical appliances
844819,Machinery and mechanical appliances
844820,Machinery and mechanical appliances
844831,Machinery and mechanical appliances
844832,Machinery and mechanical appliances
844839,Machinery and mechanical appliances
844842,Machinery and mechanical appliances
844849,Machinery and mechanical appliances
844851,Machinery and mechanical appliances
844859,Machinery and mechanical appliances
844900,Machinery and mechanical appliances
845011,Machinery and mechanical appliances
845019,Machinery and mechanical appliances
845020,Machinery and mechanical appliances
845090,Machinery and mechanical appliances
845121,Machinery and mechanical appliances
845129,Machinery and mechanical appliances
845130,Machinery and mechanical appliances
845140,Machinery and mechanical appliances
845150,Machinery and mechanical appliances
845180,Machinery and mechanical appliances
845190,Machinery and mechanical appliances
845210,Machinery and mechanical appliances
845221,Machinery and mechanical appliances
845229,Machinery and mechanical appliances
845230,Machinery and mechanical appliances
845290,Machinery and mechanical appliances
845310,Machinery and mechanical appliances
845320,Machinery and mechanical appliances
845380,Machinery and mechanical appliances
845390,Machinery and mechanical appliances
845420,Machinery and mechanical appliances
845430,Machinery and mechanical appliances
845490,Machinery and mechanical appliances
845510,Machinery and mechanical appliances
845522,Machinery and mechanical appliances
845530,Machinery and mechanical appliances
845590,Machinery and mechanical appliances
845610,Machinery and mechanical appliances
845620,Machinery and mechanical appliances
845630,Machinery and mechanical appliances
845690,Machinery and mechanical appliances
845710,Machinery and mechanical appliances
845730,Machinery and mechanical appliances
845811,Machinery and mechanical appliances
845819,Machinery and mechanical appliances
845891,Machinery and mechanical appliances
845899,Machinery and mechanical appliances
845910,Machinery and mechanical appliances
845921,Machinery and mechanical appliances
845929,Machinery and mechanical appliances
845939,Machinery and mechanical appliances
845940,Machinery and mechanical appliances
845951,Machinery and mechanical appliances
845959,Machinery and mechanical appliances
845961,Machinery and mechanical appliances
845969,Machinery and mechanical appliances
845970,Machinery and mechanical appliances
846019,Machinery and mechanical appliances
846029,Machinery and mechanical appliances
846031,Machinery and mechanical appliances
846040,Machinery and mechanical appliances
846090,Machinery and mechanical appliances
846120,Machinery and mechanical appliances
846130,Machinery and mechanical appliances
846140,Machinery and mechanical appliances
846150,Machinery and mechanical appliances
846190,Machinery and mechanical appliances
846210,Machinery and mechanical appliances
846221,Machinery and mechanical appliances
846229,Machinery and mechanical appliances
846231,Machinery and mechanical appliances
846239,Machinery and mechanical appliances
846249,Machinery and mechanical appliances
846291,Machinery and mechanical appliances
846299,Machinery and mechanical appliances
846310,Machinery and mechanical appliances
846330,Machinery and mechanical appliances
846390,Machinery and mechanical appliances
846410,Machinery and mechanical appliances
846420,Machinery and mechanical appliances
846490,Machinery and mechanical appliances
846591,Machinery and mechanical appliances
846592,Machinery and mechanical appliances
846593,Machinery and mechanical appliances
846594,Machinery and mechanical appliances
846595,Machinery and mechanical appliances
846596,Machinery and mechanical appliances
846599,Machinery and mechanical appliances
846610,Machinery and mechanical appliances
846620,Machinery and mechanical appliances
846630,Machinery and mechanical appliances
846691,Machinery and mechanical appliances
846692,Machinery and mechanical appliances
846693,Machinery and mechanical appliances
846694,Machinery and mechanical appliances
846711,Machinery and mechanical appliances
846719,Machinery and mechanical appliances
846781,Machinery and mechanical appliances
846789,Machinery and mechanical appliances
846791,Machinery and mechanical appliances
846792,Machinery and mechanical appliances
846799,Machinery and mechanical appliances
846810,Machinery and mechanical appliances
846820,Machinery and mechanical appliances
846880,Machinery and mechanical appliances
846890,Machinery and mechanical appliances
847010,Machinery and mechanical appliances
847021,Machinery and mechanical appliances
847029,Machinery and mechanical appliances
847050,Machinery and mechanical appliances
847090,Machinery and mechanical appliances
847120,Machinery and mechanical appliances
847191,Machinery and mechanical appliances
847193,Machinery and mechanical appliances
847199,Machinery and mechanical appliances
847210,Machinery and mechanical appliances
847230,Machinery and mechanical appliances
847290,Machinery and mechanical appliances
847321,Machinery and mechanical appliances
847329,Machinery and mechanical appliances
847330,Machinery and mechanical appliances
847340,Machinery and mechanical appliances
847410,Machinery and mechanical appliances
847420,Machinery and mechanical appliances
847431,Machinery and mechanical appliances
847432,Machinery and mechanical appliances
847439,Machinery and mechanical appliances
847480,Machinery and mechanical appliances
847490,Machinery and mechanical appliances
847520,Machinery and mechanical appliances
847590,Machinery and mechanical appliances
847611,Machinery and mechanical appliances
847619,Machinery and mechanical appliances
847690,Machinery and mechanical appliances
847710,Machinery and mechanical appliances
847720,Machinery and mechanical appliances
847730,Machinery and mechanical appliances
847740,Machinery and mechanical appliances
847759,Machinery and mechanical appliances
847780,Machinery and mechanical appliances
847790,Machinery and mechanical appliances
847810,Machinery and mechanical appliances
847910,Machinery and mechanical appliances
847920,Machinery and mechanical appliances
847930,Machinery and mechanical appliances
847940,Machinery and mechanical appliances
847981,Machinery and mechanical appliances
847982,Machinery and mechanical appliances
847989,Machinery and mechanical appliances
847990,Machinery and mechanical appliances
848010,Machinery and mechanical appliances
848020,Machinery and mechanical appliances
848030,Machinery and mechanical appliances
848041,Machinery and mechanical appliances
848049,Machinery and mechanical appliances
848050,Machinery and mechanical appliances
848060,Machinery and mechanical appliances
848071,Machinery and mechanical appliances
848079,Machinery and mechanical appliances
848110,Machinery and mechanical appliances
848120,Machinery and mechanical appliances
848130,Machinery and mechanical appliances
848140,Machinery and mechanical appliances
848180,Machinery and mechanical appliances
848190,Machinery and mechanical appliances
848210,Machinery and mechanical appliances
848220,Machinery and mechanical appliances
848230,Machinery and mechanical appliances
848240,Machinery and mechanical appliances
848250,Machinery and mechanical appliances
848280,Machinery and mechanical appliances
848291,Machinery and mechanical appliances
848299,Machinery and mechanical appliances
848310,Machinery and mechanical appliances
848320,Machinery and mechanical appliances
848330,Machinery and mechanical appliances
848340,Machinery and mechanical appliances
848350,Machinery and mechanical appliances
848360,Machinery and mechanical appliances
848390,Machinery and mechanical appliances
848410,Machinery and mechanical appliances
848490,Machinery and mechanical appliances
848510,Machinery and mechanical appliances
848590,Machinery and mechanical appliances
850110,Machinery and mechanical appliances
850120,Machinery and mechanical appliances
850131,Machinery and mechanical appliances
850132,Machinery and mechanical appliances
850133,Machinery and mechanical appliances
850134,Machinery and mechanical appliances
850140,Machinery and mechanical appliances
850151,Machinery and mechanical appliances
850152,Machinery and mechanical appliances
850153,Machinery and mechanical appliances
850161,Machinery and mechanical appliances
850162,Machinery and mechanical appliances
850163,Machinery and mechanical appliances
850164,Machinery and mechanical appliances
850211,Machinery and mechanical appliances
850212,Machinery and mechanical appliances
850213,Machinery and mechanical appliances
850220,Machinery and mechanical appliances
850230,Machinery and mechanical appliances
850240,Machinery and mechanical appliances
850300,Machinery and mechanical appliances
850410,Machinery and mechanical appliances
850421,Machinery and mechanical appliances
850422,Machinery and mechanical appliances
850423,Machinery and mechanical appliances
850431,Machinery and mechanical appliances
850432,Machinery and mechanical appliances
850433,Machinery and mechanical appliances
850434,Machinery and mechanical appliances
850440,Machinery and mechanical appliances
850450,Machinery and mechanical appliances
850490,Machinery and mechanical appliances
850511,Machinery and mechanical appliances
850519,Machinery and mechanical appliances
850520,Machinery and mechanical appliances
850590,Machinery and mechanical appliances
850611,Machinery and mechanical appliances
850613,Machinery and mechanical appliances
850619,Machinery and mechanical appliances
850690,Machinery and mechanical appliances
850710,Machinery and mechanical appliances
850720,Machinery and mechanical appliances
850730,Machinery and mechanical appliances
850740,Machinery and mechanical appliances
850780,Machinery and mechanical appliances
850790,Machinery and mechanical appliances
850810,Machinery and mechanical appliances
850820,Machinery and mechanical appliances
850880,Machinery and mechanical appliances
850910,Machinery and mechanical appliances
850940,Machinery and mechanical appliances
850980,Machinery and mechanical appliances
850990,Machinery and mechanical appliances
851010,Machinery and mechanical appliances
851020,Machinery and mechanical appliances
851090,Machinery and mechanical appliances
851110,Machinery and mechanical appliances
851120,Machinery and mechanical appliances
851130,Machinery and mechanical appliances
851140,Machinery and mechanical appliances
851150,Machinery and mechanical appliances
851180,Machinery and mechanical appliances
851190,Machinery and mechanical appliances
851210,Machinery and mechanical appliances
851220,Machinery and mechanical appliances
851230,Machinery and mechanical appliances
851240,Machinery and mechanical appliances
851290,Machinery and mechanical appliances
851310,Machinery and mechanical appliances
851390,Machinery and mechanical appliances
851410,Machinery and mechanical appliances
851420,Machinery and mechanical appliances
851430,Machinery and mechanical appliances
851440,Machinery and mechanical appliances
851490,Machinery and mechanical appliances
851511,Machinery and mechanical appliances
851519,Machinery and mechanical appliances
851521,Machinery and mechanical appliances
851529,Machinery and mechanical appliances
851531,Machinery and mechanical appliances
851539,Machinery and mechanical appliances
851580,Machinery and mechanical appliances
851590,Machinery and mechanical appliances
851610,Machinery and mechanical appliances
851621,Machinery and mechanical appliances
851629,Machinery and mechanical appliances
851631,Machinery and mechanical appliances
851632,Machinery and mechanical appliances
851633,Machinery and mechanical appliances
851640,Machinery and mechanical appliances
851650,Machinery and mechanical appliances
851660,Machinery and mechanical appliances
851671,Machinery and mechanical appliances
851672,Machinery and mechanical appliances
851679,Machinery and mechanical appliances
851680,Machinery and mechanical appliances
851690,Machinery and mechanical appliances
851710,Machinery and mechanical appliances
851790,Machinery and mechanical appliances
851810,Machinery and mechanical appliances
851821,Machinery and mechanical appliances
851822,Machinery and mechanical appliances
851829,Machinery and mechanical appliances
851830,Machinery and mechanical appliances
851840,Machinery and mechanical appliances
851850,Machinery and mechanical appliances
851890,Machinery and mechanical appliances
851939,Machinery and mechanical appliances
852110,Machinery and mechanical appliances
852190,Machinery and mechanical appliances
852210,Machinery and mechanical appliances
852290,Machinery and mechanical appliances
852313,Machinery and mechanical appliances
852390,Machinery and mechanical appliances
852510,Machinery and mechanical appliances
852520,Machinery and mechanical appliances
852610,Machinery and mechanical appliances
852691,Machinery and mechanical appliances
852692,Machinery and mechanical appliances
852711,Machinery and mechanical appliances
852719,Machinery and mechanical appliances
852721,Machinery and mechanical appliances
852729,Machinery and mechanical appliances
852731,Machinery and mechanical appliances
852732,Machinery and mechanical appliances
852739,Machinery and mechanical appliances
852810,Machinery and mechanical appliances
852910,Machinery and mechanical appliances
852990,Machinery and mechanical appliances
853010,Machinery and mechanical appliances
853080,Machinery and mechanical appliances
853090,Machinery and mechanical appliances
853110,Machinery and mechanical appliances
853120,Machinery and mechanical appliances
853180,Machinery and mechanical appliances
853190,Machinery and mechanical appliances
853210,Machinery and mechanical appliances
853221,Machinery and mechanical appliances
853222,Machinery and mechanical appliances
853223,Machinery and mechanical appliances
853224,Machinery and mechanical appliances
853225,Machinery and mechanical appliances
853229,Machinery and mechanical appliances
853230,Machinery and mechanical appliances
853290,Machinery and mechanical appliances
853310,Machinery and mechanical appliances
853321,Machinery and mechanical appliances
853329,Machinery and mechanical appliances
853331,Machinery and mechanical appliances
853339,Machinery and mechanical appliances
853340,Machinery and mechanical appliances
853390,Machinery and mechanical appliances
853400,Machinery and mechanical appliances
853510,Machinery and mechanical appliances
853521,Machinery and mechanical appliances
853529,Machinery and mechanical appliances
853530,Machinery and mechanical appliances
853540,Machinery and mechanical appliances
853590,Machinery and mechanical appliances
853610,Machinery and mechanical appliances
853620,Machinery and mechanical appliances
853630,Machinery and mechanical appliances
853641,Machinery and mechanical appliances
853649,Machinery and mechanical appliances
853650,Machinery and mechanical appliances
853661,Machinery and mechanical appliances
853669,Machinery and mechanical appliances
853690,Machinery and mechanical appliances
853710,Machinery and mechanical appliances
853720,Machinery and mechanical appliances
853810,Machinery and mechanical appliances
853890,Machinery and mechanical appliances
853910,Machinery and mechanical appliances
853921,Machinery and mechanical appliances
853922,Machinery and mechanical appliances
853929,Machinery and mechanical appliances
853931,Machinery and mechanical appliances
853939,Machinery and mechanical appliances
853940,Machinery and mechanical appliances
853990,Machinery and mechanical appliances
854020,Machinery and mechanical appliances
854030,Machinery and mechanical appliances
854041,Machinery and mechanical appliances
854081,Machinery and mechanical appliances
854089,Machinery and mechanical appliances
854099,Machinery and mechanical appliances
854110,Machinery and mechanical appliances
854121,Machinery and mechanical appliances
854129,Machinery and mechanical appliances
854130,Machinery and mechanical appliances
854140,Machinery and mechanical appliances
854150,Machinery and mechanical appliances
854160,Machinery and mechanical appliances
854190,Machinery and mechanical appliances
854211,Machinery and mechanical appliances
854290,Machinery and mechanical appliances
854320,Machinery and mechanical appliances
854330,Machinery and mechanical appliances
854380,Machinery and mechanical appliances
854390,Machinery and mechanical appliances
854411,Machinery and mechanical appliances
854419,Machinery and mechanical appliances
854420,Machinery and mechanical appliances
854430,Machinery and mechanical appliances
854441,Machinery and mechanical appliances
854449,Machinery and mechanical appliances
854460,Machinery and mechanical appliances
854470,Machinery and mechanical appliances
854511,Machinery and mechanical appliances
854519,Machinery and mechanical appliances
854520,Machinery and mechanical appliances
854590,Machinery and mechanical appliances
854610,Machinery and mechanical appliances
854620,Machinery and mechanical appliances
854690,Machinery and mechanical appliances
854710,Machinery and mechanical appliances
854720,Machinery and mechanical appliances
854790,Machinery and mechanical appliances
854800,Machinery and mechanical appliances
860210,Vehicles and aircraft
860310,Vehicles and aircraft
860630,Vehicles and aircraft
860699,Vehicles and aircraft
860711,Vehicles and aircraft
860712,Vehicles and aircraft
860719,Vehicles and aircraft
860721,Vehicles and aircraft
860729,Vehicles and aircraft
860730,Vehicles and aircraft
860791,Vehicles and aircraft
860799,Vehicles and aircraft
860800,Vehicles and aircraft
860900,Vehicles and aircraft
870120,Vehicles and aircraft
870130,Vehicles and aircraft
870190,Vehicles and aircraft
870210,Vehicles and aircraft
870290,Vehicles and aircraft
870310,Vehicles and aircraft
870321,Vehicles and aircraft
870322,Vehicles and aircraft
870323,Vehicles and aircraft
870324,Vehicles and aircraft
870331,Vehicles and aircraft
870332,Vehicles and aircraft
870390,Vehicles and aircraft
870410,Vehicles and aircraft
870421,Vehicles and aircraft
870422,Vehicles and aircraft
870431,Vehicles and aircraft
870490,Vehicles and aircraft
870510,Vehicles and aircraft
870520,Vehicles and aircraft
870590,Vehicles and aircraft
870600,Vehicles and aircraft
870710,Vehicles and aircraft
870790,Vehicles and aircraft
870810,Vehicles and aircraft
870821,Vehicles and aircraft
870829,Vehicles and aircraft
870839,Vehicles and aircraft
870840,Vehicles and aircraft
870850,Vehicles and aircraft
870870,Vehicles and aircraft
870880,Vehicles and aircraft
870891,Vehicles and aircraft
870892,Vehicles and aircraft
870893,Vehicles and aircraft
870894,Vehicles and aircraft
870899,Vehicles and aircraft
870911,Vehicles and aircraft
870919,Vehicles and aircraft
870990,Vehicles and aircraft
871000,Vehicles and aircraft
871120,Vehicles and aircraft
871140,Vehicles and aircraft
871150,Vehicles and aircraft
871190,Vehicles and aircraft
871200,Vehicles and aircraft
871310,Vehicles and aircraft
871419,Vehicles and aircraft
871420,Vehicles and aircraft
871491,Vehicles and aircraft
871492,Vehicles and aircraft
871493,Vehicles and aircraft
871494,Vehicles and aircraft
871495,Vehicles and aircraft
871496,Vehicles and aircraft
871499,Vehicles and aircraft
871500,Vehicles and aircraft
871610,Vehicles and aircraft
871620,Vehicles and aircraft
871631,Vehicles and aircraft
871639,Vehicles and aircraft
871640,Vehicles and aircraft
871680,Vehicles and aircraft
871690,Vehicles and aircraft
880190,Vehicles and aircraft
880211,Vehicles and aircraft
880220,Vehicles and aircraft
880310,Vehicles and aircraft
880320,Vehicles and aircraft
880330,Vehicles and aircraft
880390,Vehicles and aircraft
880400,Vehicles and aircraft
880510,Vehicles and aircraft
880520,Vehicles and aircraft
890190,Vehicles and aircraft
890200,Vehicles and aircraft
890310,Vehicles and aircraft
890392,Vehicles and aircraft
890399,Vehicles and aircraft
890510,Vehicles and aircraft
890590,Vehicles and aircraft
890600,Vehicles and aircraft
890710,Vehicles and aircraft
890790,Vehicles and aircraft
900110,"Optical, photographic, instruments"
900120,"Optical, photographic, instruments"
900130,"Optical, photographic, instruments"
900140,"Optical, photographic, instruments"
900150,"Optical, photographic, instruments"
900190,"Optical, photographic, instruments"
900211,"Optical, photographic, instruments"
900219,"Optical, photographic, instruments"
900220,"Optical, photographic, instruments"
900290,"Optical, photographic, instruments"
900311,"Optical, photographic, instruments"
900319,"Optical, photographic, instruments"
900390,"Optical, photographic, instruments"
900410,"Optical, photographic, instruments"
900490,"Optical, photographic, instruments"
900510,"Optical, photographic, instruments"
900580,"Optical, photographic, instruments"
900590,"Optical, photographic, instruments"
900630,"Optical, photographic, instruments"
900659,"Optical, photographic, instruments"
900669,"Optical, photographic, instruments"
900691,"Optical, photographic, instruments"
900699,"Optical, photographic, instruments"
900719,"Optical, photographic, instruments"
900729,"Optical, photographic, instruments"
900791,"Optical, photographic, instruments"
900830,"Optical, photographic, instruments"
900890,"Optical, photographic, instruments"
900912,"Optical, photographic, instruments"
901020,"Optical, photographic, instruments"
901030,"Optical, photographic, instruments"
901090,"Optical, photographic, instruments"
901110,"Optical, photographic, instruments"
901120,"Optical, photographic, instruments"
901180,"Optical, photographic, instruments"
901190,"Optical, photographic, instruments"
901290,"Optical, photographic, instruments"
901310,"Optical, photographic, instruments"
901320,"Optical, photographic, instruments"
901380,"Optical, photographic, instruments"
901390,"Optical, photographic, instruments"
901410,"Optical, photographic, instruments"
901420,"Optical, photographic, instruments"
901480,"Optical, photographic, instruments"
901490,"Optical, photographic, instruments"
901510,"Optical, photographic, instruments"
901520,"Optical, photographic, instruments"
901530,"Optical, photographic, instruments"
901540,"Optical, photographic, instruments"
901580,"Optical, photographic, instruments"
901590,"Optical, photographic, instruments"
901600,"Optical, photographic, instruments"
901710,"Optical, photographic, instruments"
901720,"Optical, photographic, instruments"
901730,"Optical, photographic, instruments"
901780,"Optical, photographic, instruments"
901790,"Optical, photographic, instruments"
901811,"Optical, photographic, instruments"
901819,"Optical, photographic, instruments"
901820,"Optical, photographic, instruments"
901831,"Optical, photographic, instruments"
901832,"Optical, photographic, instruments"
901839,"Optical, photographic, instruments"
901841,"Optical, photographic, instruments"
901849,"Optical, photographic, instruments"
901850,"Optical, photographic, instruments"
901890,"Optical, photographic, instruments"
901910,"Optical, photographic, instruments"
901920,"Optical, photographic, instruments"
902000,"Optical, photographic, instruments"
902111,"Optical, photographic, instruments"
902119,"Optical, photographic, instruments"
902121,"Optical, photographic, instruments"
902129,"Optical, photographic, instruments"
902130,"Optical, photographic, instruments"
902140,"Optical, photographic, instruments"
902150,"Optical, photographic, instruments"
902190,"Optical, photographic, instruments"
902211,"Optical, photographic, instruments"
902219,"Optical, photographic, instruments"
902221,"Optical, photographic, instruments"
902229,"Optical, photographic, instruments"
902230,"Optical, photographic, instruments"
902290,"Optical, photographic, instruments"
902300,"Optical, photographic, instruments"
902410,"Optical, photographic, instruments"
902480,"Optical, photographic, instruments"
902490,"Optical, photographic, instruments"
902511,"Optical, photographic, instruments"
902519,"Optical, photographic, instruments"
902580,"Optical, photographic, instruments"
902590,"Optical, photographic, instruments"
902610,"Optical, photographic, instruments"
902620,"Optical, photographic, instruments"
902680,"Optical, photographic, instruments"
902690,"Optical, photographic, instruments"
902710,"Optical, photographic, instruments"
902720,"Optical, photographic, instruments"
902730,"Optical, photographic, instruments"
902750,"Optical, photographic, instruments"
902780,"Optical, photographic, instruments"
902790,"Optical, photographic, instruments"
902810,"Optical, photographic, instruments"
902820,"Optical, photographic, instruments"
902830,"Optical, photographic, instruments"
902890,"Optical, photographic, instruments"
902910,"Optical, photographic, instruments"
902920,"Optical, photographic, instruments"
902990,"Optical, photographic, instruments"
903010,"Optical, photographic, instruments"
903020,"Optical, photographic, instruments"
903031,"Optical, photographic, instruments"
903039,"Optical, photographic, instruments"
903040,"Optical, photographic, instruments"
903081,"Optical, photographic, instruments"
903089,"Optical, photographic, instruments"
903090,"Optical, photographic, instruments"
903110,"Optical, photographic, instruments"
903120,"Optical, photographic, instruments"
903140,"Optical, photographic, instruments"
903180,"Optical, photographic, instruments"
903190,"Optical, photographic, instruments"
903210,"Optical, photographic, instruments"
903220,"Optical, photographic, instruments"
903281,"Optical, photographic, instruments"
903289,"Optical, photographic, instruments"
903290,"Optical, photographic, instruments"
903300,"Optical, photographic, instruments"
910121,"Optical, photographic, instruments"
910211,"Optical, photographic, instruments"
910212,"Optical, photographic, instruments"
910221,"Optical, photographic, instruments"
910229,"Optical, photographic, instruments"
910400,"Optical, photographic, instruments"
910511,"Optical, photographic, instruments"
910521,"Optical, photographic, instruments"
910529,"Optical, photographic, instruments"
910591,"Optical, photographic, instruments"
910599,"Optical, photographic, instruments"
910610,"Optical, photographic, instruments"
910690,"Optical, photographic, instruments"
910700,"Optical, photographic, instruments"
910811,"Optical, photographic, instruments"
910990,"Optical, photographic, instruments"
911090,"Optical, photographic, instruments"
911120,"Optical, photographic, instruments"
911280,"Optical, photographic, instruments"
911290,"Optical, photographic, instruments"
911310,"Optical, photographic, instruments"
911320,"Optical, photographic, instruments"
911390,"Optical, photographic, instruments"
911410,"Optical, photographic, instruments"
911430,"Optical, photographic, instruments"
920120,"Optical, photographic, instruments"
920210,"Optical, photographic, instruments"
920290,"Optical, photographic, instruments"
920590,"Optical, photographic, instruments"
920600,"Optical, photographic, instruments"
920710,"Optical, photographic, instruments"
920790,"Optical, photographic, instruments"
920890,"Optical, photographic, instruments"
920930,"Optical, photographic, instruments"
920992,"Optical, photographic, instruments"
920994,"Optical, photographic, instruments"
920999,"Optical, photographic, instruments"
930400,Arms and ammunition
930510,Arms and ammunition
930529,Arms and ammunition
930590,Arms and ammunition
930630,Arms and ammunition
930690,Arms and ammunition
930700,Arms and ammunition
940110,Misc manufactured articles
940120,Misc manufactured articles
940130,Misc manufactured articles
940140,Misc manufactured articles
940150,Misc manufactured articles
940161,Misc manufactured articles
940169,Misc manufactured articles
940171,Misc manufactured articles
940179,Misc manufactured articles
940180,Misc manufactured articles
940190,Misc manufactured articles
940210,Misc manufactured articles
940290,Misc manufactured articles
940310,Misc manufactured articles
940320,Misc manufactured articles
940330,Misc manufactured articles
940340,Misc manufactured articles
940350,Misc manufactured articles
940360,Misc manufactured articles
940370,Misc manufactured articles
940380,Misc manufactured articles
940390,Misc manufactured articles
940410,Misc manufactured articles
940421,Misc manufactured articles
940429,Misc manufactured articles
940430,Misc manufactured articles
940490,Misc manufactured articles
940510,Misc manufactured articles
940520,Misc manufactured articles
940530,Misc manufactured articles
940540,Misc manufactured articles
940550,Misc manufactured articles
940560,Misc manufactured articles
940591,Misc manufactured articles
940592,Misc manufactured articles
940599,Misc manufactured articles
940600,Misc manufactured articles
950390,Misc manufactured articles
950420,Misc manufactured articles
950430,Misc manufactured articles
950440,Misc manufactured articles
950490,Misc manufactured articles
950510,Misc manufactured articles
950590,Misc manufactured articles
950612,Misc manufactured articles
950629,Misc manufactured articles
950631,Misc manufactured articles
950632,Misc manufactured articles
950639,Misc manufactured articles
950640,Misc manufactured articles
950659,Misc manufactured articles
950661,Misc manufactured articles
950662,Misc manufactured articles
950669,Misc manufactured articles
950670,Misc manufactured articles
950691,Misc manufactured articles
950699,Misc manufactured articles
950710,Misc manufactured articles
950720,Misc manufactured articles
950790,Misc manufactured articles
950800,Misc manufactured articles
960190,Misc manufactured articles
960200,Misc manufactured articles
960310,Misc manufactured articles
960321,Misc manufactured articles
960329,Misc manufactured articles
960330,Misc manufactured articles
960340,Misc manufactured articles
960350,Misc manufactured articles
960390,Misc manufactured articles
960400,Misc manufactured articles
960500,Misc manufactured articles
960610,Misc manufactured articles
960621,Misc manufactured articles
960622,Misc manufactured articles
960629,Misc manufactured articles
960630,Misc manufactured articles
960711,Misc manufactured articles
960719,Misc manufactured articles
960720,Misc manufactured articles
960810,Misc manufactured articles
960820,Misc manufactured articles
960839,Misc manufactured articles
960840,Misc manufactured articles
960850,Misc manufactured articles
960860,Misc manufactured articles
960899,Misc manufactured articles
960910,Misc manufactured articles
960920,Misc manufactured articles
960990,Misc manufactured articles
961000,Misc manufactured articles
961100,Misc manufactured articles
961210,Misc manufactured articles
961220,Misc manufactured articles
961380,Misc manufactured articles
961390,Misc manufactured articles
961490,Misc manufactured articles
961519,Misc manufactured articles
961590,Misc manufactured articles
961610,Misc manufactured articles
961620,Misc manufactured articles
961700,Misc manufactured articles
961800,Misc manufactured articles
